num,smiles,energy
1,CN(C)C,3.482889
2,C1CCNC1,2.415628
3,C[N+](C)(C)[O-],0.5774312
4,CC(C(=O)O)N,5.794648
5,CNCC(=O)O,6.763821
6,C1=CC(=O)NC=C1,8.429222
7,C1=CC(=CN=C1)O,6.116403
8,C1CCN(C1)N=O,3.338057
9,CCCCC(=O)O,-1.377568
10,C(CC(=O)O)CN,5.187356
11,CN(C)CC(=O)O,6.262756
12,C(C(=O)O)C(=O)O,6.112192
13,CC(C)(C(=O)O)O,2.746852
14,C[N+](C)(C)CCO,16.65412
15,C(C(C(=O)O)N)O,7.963014
16,C(C(C(=O)O)O)O,8.876786
17,CC1=CC=C(C=C1)O,0.1493156
18,C(CS(=O)O)N,7.9515
19,C1=CC=C(C(=C1)O)O,2.572151
20,C1=CC(=CC=C1O)O,3.657811
21,C1=C(NC(=O)N=C1)N,13.78461
22,C1=C(NC=N1)CCN,8.947242
23,C1CC(NC1)C(=O)O,5.136201
25,C(=CC(=O)O)C(=O)O,7.279622
26,C(CC(=O)[O-])C(=O)[O-],24.75438
27,CCC(CC)C(=O)O,0.5482145
28,C(C(=O)O)N=C(N)N,8.192497
29,C1=CC=C2C(=C1)C=CN2,4.444177
30,C(CCN)CC(=O)O,4.886794
31,C(C(=O)O)(C(=O)O)N,11.41597
32,C(CO)C(C(=O)O)N,11.44261
33,CC(C(C(=O)O)N)O,8.814822
34,C1=C2C(=NC=N1)N=CN2,13.7466
35,C1=CC=C(C=C1)CC=O,6.086147
36,C1=CC(=CC=C1C=O)O,6.894022
37,C(C(C(CO)O)O)O,10.41118
38,C1=CC(=CN=C1)C(=O)O,10.21981
39,CC1=CC(=C(C=C1)O)O,4.481809
40,C(CS(=O)(=O)O)N,10.03021
41,CC1=C(NC(=O)N=C1)N,14.03797
42,C1=C(C=C(C=C1O)O)O,2.221457
43,C1=CC(=C(C(=C1)O)O)O,5.842005
44,C1=C(NC=N1)CC(=O)O,9.069784
45,CC1=CNC(=O)NC1=O,7.912806
46,C1CCNC(C1)C(=O)O,5.812083
47,C=C(CC(=O)O)C(=O)O,5.628878
48,CC(C)CC(C(=O)O)N,2.486296
49,CC(CC(=O)O)C(=O)O,5.367402
50,C(CC(=O)O)CC(=O)O,3.332253
51,C(C(C(=O)O)N)C(=O)N,11.49426
52,CC(C)CC(C(=O)O)O,1.658786
53,C(CC(C(=O)O)N)CN,8.364677
54,C(C(C(=O)O)N)C(=O)O,9.461982
55,C1C2=CC=CC=C2NC1=O,6.839767
56,C1=CC2=C(C=CN2)C=C1O,3.132535
57,C(C(C(=O)O)O)C(=O)O,7.055828
58,C1=NC2=NC=NC(=C2N1)N,13.50088
59,C1=CC=C(C=C1)CC(=O)N,7.569592
60,C(C(C(C(=O)O)O)O)O,9.122971
61,C(C(C(C(=O)O)O)O)O,8.482871
62,C1=NC2=C(N1)C(=O)NC=N2,15.15733
63,C[N+]1=CC=CC(=C1)C(=O)[O-],25.53217
64,C1=CC(=CC=C1C(=O)O)N,8.600115
65,C1=CC(=CC=C1CCN)O,6.058191
66,C1=CC=C(C=C1)C(CN)O,8.336256
67,C1=CC=C(C(=C1)C(=O)O)O,5.435565
68,C1=CC(=CC(=C1)O)C(=O)O,5.755558
69,C1=CC(=CC=C1C(=O)O)O,6.489412
70,C1=C(NC=N1)C=CC(=O)O,7.257556
71,C1=C(NC=N1)CCC(=O)O,7.424026
72,C1CC(CCC1C(=O)O)O,4.383952
73,CC(=O)NCCCCCN,8.22168
74,C1=CC=C2C(=C1)C(=CN2)C=O,7.711227
75,C(CC(=O)O)C(=O)C(=O)O,5.82718
76,C(CCC(=O)O)CC(=O)O,4.861296
77,C(CC(=O)N)C(C(=O)O)N,10.14863
78,C(CCN)CC(C(=O)O)N,7.949067
79,C(CC(=O)O)C(C(=O)O)N,8.331636
80,C1=CC=C(C=C1)C=CC(=O)O,3.489509
81,C1C(C(C(C(O1)O)O)O)O,14.32392
82,C1C(C(C(C(O1)O)O)O)O,13.9814
83,CC(C1=CC=CC=C1)C(=O)O,5.304699
84,C1=CC=C(C=C1)CCC(=O)O,5.128603
85,C1=NC2=C(N1)C(=O)NC(=O)N2,15.55801
86,C1=CC(=CC(=C1)O)CC(=O)O,5.76815
87,COC1=CC=CC(=C1)C(=O)O,11.5833
88,C1=CC(=CC=C1CC(=O)O)O,5.897002
89,COC1=CC=C(C=C1)C(=O)O,12.43554
90,C(C(C(C(CO)O)O)O)O,16.36335
91,CC(=O)NCCC1=CN=CN1,13.00002
92,C1=CC(=C(C=C1C(=O)O)O)O,8.900242
93,C1=C(C=C(C=C1O)O)C(=O)O,6.020002
94,C1=C(NC=N1)CC(C(=O)O)N,11.3567
95,C1=C(NC(=O)NC1=O)C(=O)O,16.33699
96,CC(=CC(=O)NCC(=O)O)C,6.109339
97,CC(C)CC(=O)NCC(=O)O,3.8942
98,C(CC(=O)C(=O)O)CC(=O)O,7.645163
100,CC(CCC(=O)O)CC(=O)O,2.348857
101,C1=CC=C2C(=C1)C(=CN2)CCN,7.105322
102,C1=CC=C2C(=C1)C(=CN2)C(=O)O,6.898363
103,CC(CC(=O)O)(CC(=O)O)O,10.0557
104,CC(=O)NC(CS)C(=O)O,9.409444
105,C1=CC(=CC(=C1)O)C=CC(=O)O,3.541925
106,CN1C(=O)C2=C(N=CN2)N=C1N,17.70668
107,C1=CC=C(C=C1)CC(C(=O)O)N,8.813242
108,CN1C2=C(C(=O)NC1=O)NC=N2,17.26698
109,C1=CC(=CC(=C1)O)CCC(=O)O,5.264338
110,C1=CC(=CC=C1CCC(=O)O)O,4.045514
111,COC1=CC=C(C=C1)CC(=O)O,10.98142
112,CC(C1=CC=CC=C1)(C(=O)O)O,6.500844
113,C1=CC(=C(C=C1CC(=O)O)O)O,8.573576
114,C1=CC(=CC(=C1)O)C(C(=O)O)O,7.013756
115,C1=CC(=CC=C1C(C(=O)O)O)O,7.16567
116,CC1=NC=C(C(=C1O)CO)CO,15.38486
117,CN1C=C(N=C1)CC(C(=O)O)N,12.05998
118,C1=C(C=C(C(=C1O)O)O)C(=O)O,8.718863
119,C1=CC=C(C=C1)OS(=O)(=O)O,7.383425
120,C(C(=CC(=O)O)C(=O)O)C(=O)O,8.996067
121,C1C(C(C(C=C1C(=O)O)O)O)O,10.47987
122,C1=CC=C2C(=C1)C(=CN2)CC(=O)N,7.945141
123,C(CCCC(=O)O)CCC(=O)O,2.985833
124,C(CC(C(=O)O)N)CN=C(N)N,10.15495
125,CNCCC1=CNC2=CC=CC=C21,7.360949
126,C1=CC=C2C(=C1)C(=CN2)CC(=O)O,8.23834
127,C(CC(C(=O)O)N)CNC(=O)N,11.03122
128,C(C(CC(=O)O)C(=O)O)C(=O)O,6.552506
129,C(C(C(=O)O)NC(=O)N)C(=O)O,13.96261
130,C1=CC2=C(C=C1O)C(=CN2)CCN,7.72648
131,C1=CC=C(C=C1)C(=O)NCC(=O)O,11.44457
132,C(C1C(C(C(C(O1)O)N)O)O)O,17.33277
133,C1=CC(=C(C=C1C=CC(=O)O)O)O,7.479501
134,C1C(C(C(C(O1)(CO)O)O)O)O,18.91522
135,C(C1C(C(C(C(O1)O)O)O)O)O,16.4235
136,C(C1C(C(C(C(O1)O)O)O)O)O,18.0877
137,C1(C(C(C(C(C1O)O)O)O)O)O,14.65409
140,C1=CC(=CC=C1CC(C(=O)O)O)O,6.4882
141,CC1=NC=C(C(=C1O)C(=O)O)CO,13.12623
142,C1=CC(=C(C=C1C(C(=O)O)O)O)O,10.51591
143,COC1=CC(=CC(=C1O)O)C(=O)O,13.68775
144,COC1=C(C=C(C=C1O)C(=O)O)O,11.00875
145,C(C(C(=O)O)N)OP(=O)(O)O,7.612597
146,C1=CC=C2C(=C1)C(=CN2)C=CC(=O)O,6.222377
147,CC1=CC=C(C=C1)OS(=O)(=O)O,5.440589
148,C(CCCC(=O)O)CCCC(=O)O,0.8768782
149,C1=CC=C2C(=C1)C(=O)C=C(N2)C(=O)O,12.03893
150,C1=CC=C2C(=C1)C(=CN2)CCC(=O)O,6.248623
151,C[N+](C)(C)CCCCC(C(=O)O)N,18.40982
152,C(CC(C(=O)O)N)CC(C(=O)O)N,5.184607
153,C1=CC2=C(C=C1O)C(=CN2)CC(=O)O,6.356211
154,C(C(C(C(=O)O)O)C(=O)O)C(=O)O,10.04505
155,C1C(C(C(CC1(C(=O)O)O)O)O)O,14.93976
156,C1=CC=C(C=C1)CC(=O)NCC(=O)O,11.48655
157,C1(C(C(OC(C1O)O)C(=O)O)O)O,19.0531
158,COC1=C(C=CC(=C1)C=CC(=O)O)O,9.217223
159,COC1=C(C=C(C=C1)C=CC(=O)O)O,10.90249
160,C1=CC(=CC=C1CCCCC(=O)O)O,1.405235
161,C1=CC=C(C(=C1)C(=O)NCC(=O)O)O,10.15039
162,C1=CC(=CC(=C1)O)C(=O)NCC(=O)O,11.83011
163,C1=CC(=CC=C1C(=O)NCC(=O)O)O,10.59425
164,C(C(C(C(C(C(=O)O)O)O)O)O)O,13.97067
166,COC1=C(C=CC(=C1)CCC(=O)O)O,9.698328
167,COC1=C(C=C(C=C1)C(C(=O)O)O)O,11.3797
168,COC1=CC(=CC(=C1O)OC)C(=O)O,16.52024
169,COC1=C(C=CC(=C1)C(C(=O)O)O)O,11.8512
170,C(CCCCC(=O)O)CCCC(=O)O,3.120579
171,C1=CC=C2C(=C1)C(=CN2)CC(C(=O)O)N,9.782989
172,C1=CC=C2C(=C1)C(=CN2)CC(C(=O)O)O,7.726191
173,C1=CC=C(C=C1)C=CC(=O)NCC(=O)O,9.698839
174,CC(=O)NC(CC1=CC=CC=C1)C(=O)O,9.627696
175,C1=CC=C(C=C1)CCC(=O)NCC(=O)O,8.08464
176,COC1=C(C=C(C=C1)CCC(=O)O)OC,16.11651
177,COC1=CC(=CC(=C1OC)OC)C(=O)O,20.55435
178,C1=CC2=C(C=C1O)C(=CN2)CC(C(=O)O)N,8.115345
179,CC(=O)NC1C(C(C(OC1O)CO)O)O,19.81351
180,COC1=CC(=CC(=C1O)OC)C=CC(=O)O,13.26281
181,C1=CC(=C(C=C1CC(C(=O)O)N)[N+](=O)[O-])O,9.449625
182,C1C(C(OC1N2C=CC(=NC2=O)N)CO)O,24.537
183,C1C(C(OC1N2C=CC(=O)NC2=O)CO)O,22.82397
184,CC(C)CC(C(=O)N1CCCC1C(=O)O)N,5.176923
185,C(CCCCCC(=O)O)CCCCC(=O)O,0.9738581
186,C1=CC=C2C(=C1)C(=CN2)CC(=O)NCC(=O)O,10.07916
187,CC1=CN(C(=O)NC1=O)C2CC(C(O2)CO)O,17.1972
189,C1=CN(C(=O)N=C1N)C2C(C(C(O2)CO)O)O,24.35535
190,CC(C)CC(C(=O)O)NC(=O)C(CC(=O)O)N,6.940301
191,C1=CC(=CC=C1C2=COC3=C(C2=O)C=CC(=C3)O)O,9.458454
192,C1=CC=C(C=C1)CC(=O)NC(CCC(=O)N)C(=O)O,16.93123
193,CC1=C(SC=[N+]1CC2=CN=C(N=C2N)C)CCO,16.79884
194,C1=NC(=C2C(=N1)N(C=N2)C3C(C(C(O3)CO)O)O)N,27.30622
195,C1=NC2=C(C(=O)N1)N=CN2C3C(C(C(O3)CO)O)O,26.64275
196,C1=CC=C(C=C1)OC2C(C(C(C(O2)C(=O)O)O)O)O,19.76727
197,CC(C)(C)OC(=O)N1CCCC1C(=O)NCC(=O)O,15.64744
198,C(CCNC(CCC(=O)O)C(=O)O)CC(C(=O)O)N,13.24109
199,CCCCCCCCC=CCCCCCCCC(=O)N,-8.717333
200,C1=NC2=C(N1C3C(C(C(O3)CO)O)O)N=C(NC2=O)N,27.02541
201,C1=NC2=C(N1C3C(C(C(O3)CO)O)O)NC(=O)NC2=O,27.66553
202,CC1=CC=C(C=C1)OC2C(C(C(C(O2)C(=O)O)O)O)O,17.17605
203,CCC(C(=O)NCC(=O)O)NC(=O)CCC(C(=O)O)N,15.19283
204,CSCC1C(C(C(O1)N2C=NC3=C(N=CN=C32)N)O)O,20.63716
205,C1=CC=C2C(=C1)C(=CN2)OC3C(C(C(C(O3)C(=O)O)O)O)O,21.95301
206,CC(=O)NC1C(CC(OC1C(C(CO)O)O)(C(=O)O)O)O,27.00882
208,C1=CN(C(=O)NC1=O)C2C(C(C(O2)COP(=O)(O)O)O)O,20.48058
209,CCCCCCCCC=CCCCCCCCC(=O)NCCO,-4.313388
210,CC(=O)NCCC1=CNC2=CC(=C(C=C21)OC)OS(=O)(=O)O,18.3933
211,CCC=CCC=CCC=CCC=CCC=CCC=CCCC(=O)O,-10.0555
212,C(C1C(C(C(C(O1)OC2C(OC(C(C2O)O)O)CO)O)O)O)O,36.8881
213,CC12CCC(=O)C=C1CCC3C2C(CC4(C3CCC4C(=O)CO)C)O,1.628759
214,C1=NC(=C2C(=N1)N(C=N2)C3C(C(C(O3)COP(=O)(O)O)O)O)N,25.04552
215,CC12CCC(=O)C=C1CCC3C2C(=O)CC4(C3CCC4(C(=O)CO)O)C,4.106147
216,CC12CCC(=O)C=C1CCC3C2C(CC4(C3CCC4(C(=O)CO)O)C)O,3.833933
217,C1=NC2=C(N1C3C(C(C(O3)COP(=O)(O)O)O)O)N=C(NC2=O)N,27.83118
219,CC(CCC(=O)O)C1CCC2C1(CCC3C2C(CC4C3(CCC(C4)O)C)O)C,-2.005772
220,CC(CCC(=O)O)C1CCC2C1(C(CC3C2CCC4C3(CCC(C4)O)C)O)C,-2.763036
222,CC(CCC(=O)O)C1CCC2C1(C(CC3C2C(CC4C3(CCC(C4)O)C)O)O)C,-0.01536917
226,CC(CCC(=O)NCCS(=O)(=O)O)C1CCC2C1(CCC3C2CCC4C3(CCC(C4)O)C)C,2.425355
228,CC(CCC(=O)NCCS(=O)(=O)O)C1CCC2C1(CCC3C2C(C(C4C3(CCC(C4)O)C)O)O)C,5.953633
230,CN,4.192801
231,CNC,3.510348
232,CC(=O)O,3.721874
233,C(CO)N,5.395434
234,C=CC(=O)N,3.963491
235,CN=C(N)N,5.660856
236,CCC(=O)O,2.330046
237,C(CN)CN,6.491697
238,C(C(=O)O)N,6.136594
239,C(C(=O)O)O,4.340661
240,C1CCNCC1,3.066842
241,CC=CC(=O)O,1.86233
242,CCCC(=O)O,1.979559
243,CC(C)C(=O)O,0.9973815
245,C1=CC=C(C=C1)O,2.4538
246,CC(=CC(=O)O)C,-0.1422461
247,C1CCOC(=O)C1,8.38625
248,CC=C(C)C(=O)O,-0.892676
249,C1CC1(C(=O)O)N,6.787217
250,CC(=O)CC(=O)O,6.681596
251,CC(C)CC(=O)O,-0.2884283
252,C(CCN)CCN,5.020801
253,C(C(=O)O)NC=O,8.392656
254,CC(C)(C(=O)O)N,6.100923
255,CCC(C(=O)O)N,5.488806
256,CC(CN)C(=O)O,5.197329
257,C(C(=O)C(=O)O)O,7.20609
258,CCC(C(=O)O)O,4.015835
259,CC(CO)C(=O)O,3.41405
260,C(C(C(=O)O)N)N,9.564344
261,C(CO)NCCO,13.33418
262,C1=CC=C(C=C1)CN,6.771762
263,C1=CC(=CC=C1N)O,5.563411
264,C1=CC=C(C(=C1)N)O,4.743298
265,C1=COC=C1C(=O)O,5.057432
266,C1=CNC(=O)NC1=O,13.46541
267,CC=CC=CC(=O)O,0.007098863
268,C1CC(N=C1)C(=O)O,6.164785
269,CN1CC(=O)N=C1N,10.11936
270,CN1CC(=O)NC1=O,9.915693
271,C1CNC(=O)NC1=O,10.02446
272,CCC1CCC(=O)O1,-0.3630544
273,CCCCCC(=O)C,-0.3236714
274,C(=CC(=O)O)C(=O)N,7.254466
275,CC(=O)CCC(=O)O,5.594987
276,CC(C)CCC(=O)O,-0.987581
277,CCCCCC(=O)O,-1.383103
278,C1CSC(=O)C1N,3.574827
279,CC(=O)NCC(=O)O,9.074798
280,CC(C)C(C(=O)O)N,5.573995
281,CCCC(C(=O)O)N,4.647622
282,C(=O)(C(=O)O)C(=O)O,10.00916
283,CC(C(=O)O)C(=O)O,5.194848
284,CCCC(C(=O)O)O,2.691482
285,CC(C(C)O)C(=O)O,5.240862
286,CCC(CO)C(=O)O,7.610016
287,CCC(C)(C(=O)O)O,3.500328
288,CC(C)(CC(=O)O)O,6.564819
289,CC(C(C(=O)O)N)O,9.034221
290,C1CNC2=CC=CC=C21,6.97538
291,C(C(=O)C(=O)O)S,5.206889
292,C(CO)C(C(=O)O)O,8.981934
293,C=CC1=CC=C(C=C1)O,3.418758
294,C(C(C(=O)O)N)S,6.287736
295,C1=CC(=CC(=C1)O)C=O,7.34481
296,C1=CC=C(C=C1)C(=O)O,6.590582
297,C1=CC(=CN=C1)C(=O)N,11.68541
298,C(C(C(CO)O)O)O,10.60089
299,C1=CN=CC=C1C(=O)O,9.320267
300,C1=CC=NC(=C1)C(=O)O,8.392013
301,C1=CC(=CC(=C1)O)CO,8.000861
302,CC1=C(C(=CC=C1)O)O,1.948722
303,C(CP(=O)(O)O)N,6.918191
304,CN1C=NC=C1CCN,7.978512
305,CCOS(=O)(=O)O,7.35349
306,C(CS(=O)(=O)O)O,10.80049
307,CC1=C(C(=O)C=CO1)O,5.913704
308,CC1CNC(=O)NC1=O,8.370724
309,C1CCC(CC1)C(=O)O,1.37558
310,CCCCCCCC=O,-2.170523
311,C1CC(=O)NC1C(=O)O,10.43003
312,C1C(C=NC1C(=O)O)O,10.34708
313,CN1CCCC1C(=O)O,6.170331
314,CC(=CC(=O)O)C(=O)O,5.451396
315,CC(C)CC(=O)C(=O)O,0.08842401
316,CC1(CCOC(=O)C1)O,12.52223
317,CCCCCCC(=O)O,-2.644942
318,CC(=O)NCCCCN,5.802618
319,C(CCN=C(N)N)CN,6.689233
320,CC(C(=O)O)NC(=O)C,9.681031
321,C(CC(=O)O)C(=O)CN,7.764655
322,CCC(=O)NCC(=O)O,7.442276
323,CN(CC(=O)O)C(=N)N,8.4596
324,C(CCC(=O)O)CCN,3.924004
325,CCC(C)C(C(=O)O)N,1.833255
326,C(CN)CNCCCN,9.017375
327,CCC(C(=O)O)C(=O)O,5.052258
328,C(CNC(=O)N)C(=O)O,13.31489
329,C(C(=O)NCC(=O)O)N,11.03638
330,C1=CC=C(C=C1)C=CC=O,4.307951
331,CCC(CC)(C(=O)O)O,6.854482
332,CCC(C)C(C(=O)O)O,0.09028372
333,C1=CC=C2C(=C1)C(=CN2)O,6.398831
334,C(CS)C(C(=O)O)N,4.780123
335,C1CC2=C(C=CN2)C(=O)C1,4.897774
336,C1=CC=C(C=C1)CNC=O,8.596245
337,CNCCC1=CC=CC=C1,5.749688
338,CC1=CC=CC=C1C(=O)O,4.902397
339,COC1=CC=C(C=C1)C=O,12.83479
340,C1=CC=C(C=C1)CC(=O)O,5.662613
341,CNC(=O)C1=CN=CC=C1,11.53379
342,C1=CC=C(C(=C1)C(=O)O)N,7.821192
343,C1=CC=C(C(=C1)C(=O)N)O,8.696241
344,C[N+]1=CC=CC(=C1)C(=O)N,19.25534
345,C1=CC(=C(C=C1C=O)O)O,9.51983
346,C1=CC(=CC=C1[N+](=O)[O-])O,5.392856
347,C1=CC(=O)NC=C1C(=O)O,10.95913
348,CC(=O)OP(=O)(O)O,7.753241
349,C(C(=O)O)P(=O)(O)O,6.51481
350,CCC1=C(C(=O)C=CO1)O,3.560089
351,CN1C=CC(=O)N(C1=O)C,7.556902
352,C(COP(=O)(O)O)N,8.710745
353,C1=C(NC=N1)CC(CO)N,9.721305
354,C1=C(OC(=C1)C(=O)O)CO,9.910267
355,C1=C(C(=O)NC(=O)N1)CO,19.0397
356,CC1=NCCC(N1)C(=O)O,9.40311
357,C=CCC(=O)NCC(=O)O,9.481408
358,C[N+]1(CCCC1C(=O)[O-])C,20.81537
359,C(C=CCC(=O)O)C(=O)O,7.012234
360,CC(=CC(=O)O)CC(=O)O,4.915563
361,CCCCCCCC(=O)O,-1.833658
362,CCCC(CCC)C(=O)O,-1.678641
363,C1=CC2=C(C(=C1)O)N=CC=C2,7.190057
364,CC(=O)NCCCC(=O)O,8.026956
365,CCCC(=O)NCC(=O)O,6.99374
366,C(CC(=O)O)CN=C(N)N,7.104641
367,C[N+](C)(C)CCCC(=O)[O-],22.0441
368,C(CCNCCCN)CN,7.615172
369,C1=CC=C(C=C1)C#CC(=O)O,7.902377
370,CC(CCC(=O)O)C(=O)O,1.433343
371,CC(CC(=O)O)CC(=O)O,5.037881
372,CC(C(=O)NCC(=O)[O-])[NH3+],26.0121
373,CC1=CC2=C(C=C1C)N=CN2,3.914117
374,CC(=O)OCC[N+](C)(C)C,18.70544
375,CC(=O)NC(CO)C(=O)O,11.41962
376,CNC(CC(=O)O)C(=O)O,10.90214
377,CC(=O)OCC(C(=O)O)N,10.55736
378,CC1C2=CC=CC=C2NC1=O,7.72316
379,C(C(CC(=O)O)O)C(=O)O,9.241482
380,CC(CC(=O)O)(C(=O)O)O,7.47222
381,CN1C=NC(=N)C2=C1N=CN2,11.74254
382,CN(C)CCC1=CC=CC=C1,4.621361
383,C(C(C(=O)O)O)(C(=O)O)O,10.62567
384,C1=CC=C(C(=C1)C=O)C(=O)O,10.26038
385,C1=CC=C(C=C1)C(=O)C(=O)O,7.82835
386,CSCCC(C(=O)O)O,2.327651
387,C1C(C(C(C(O1)O)O)O)O,14.73174
388,C1C(C(C(C(O1)O)O)O)O,14.909
389,COC1=C(C=CC(=C1)C=C)O,9.109362
390,C1=NC2=C(N1)C(=O)NC(=N2)N,14.29971
391,CC(=O)NC1=CC=C(C=C1)O,6.774319
392,C1=CC=C(C=C1)C(C(=O)O)N,7.600503
393,CNCCC1=CC=C(C=C1)O,5.823201
394,CC(=O)C1=C(C=C(C=C1)O)O,6.017059
395,C1=CC=C(C(=C1)CC(=O)O)O,6.337727
396,CC1=C(C(=CC=C1)C(=O)O)O,6.294161
397,CC1=C(C=CC(=C1)C(=O)O)O,5.54381
398,CC(=O)OC1=CC=CC(=C1)O,5.510934
399,COC1=C(C=CC(=C1)C=O)O,11.16434
400,C1=CC=C(C=C1)C(C(=O)O)O,7.533392
401,CN1C=C(C=CC1=O)C(=O)N,11.28228
402,C(C(C(C(CO)O)O)O)O,17.52843
403,C(C(C(=O)O)N)S(=O)O,6.89831
404,C1=CC(=C(C(=C1)N)O)C(=O)O,8.851901
405,C1=CC(=C(C=C1C(=O)O)N)O,8.52728
406,C1=C(C=C(C=C1N)O)C(=O)O,7.191031
407,C1=CC(=C(C(=C1)O)N)C(=O)O,6.838108
408,C1=CC(=C(C=C1N)O)C(=O)O,8.021382
409,CC1=CC(=C(C=C1)O)[N+](=O)[O-],5.466574
410,C1=CC(=C(C=C1N)C(=O)O)O,8.342573
411,C1=CC=C(C(=C1)C(=O)NO)O,9.105448
412,C1=CC(=C(C=C1CCN)O)O,8.921882
413,C1=CC(=CC=C1C(CN)O)O,8.146975
414,C1=CC(=C(C(=C1)O)O)C(=O)O,5.246111
415,C1=CC(=C(C=C1O)C(=O)O)O,5.830968
416,C1=CC(=C(C(=C1)O)C(=O)O)O,5.732402
417,CCOP(=O)(O)OCC,7.241029
418,COC1=CC(=CC(=C1)O)OC,13.03056
419,C1=C(C(=O)NC(=O)N1)C(=O)O,15.38059
420,CC=C(C)C(=O)NCC(=O)O,4.962853
421,C1CC(CCC1CN)C(=O)O,4.885522
422,C1C(NC(=O)NC1=O)C(=O)O,12.33905
423,C1(C(=O)NC(=O)N1)NC(=O)N,16.34614
424,CC(=O)CC(=O)CCC(=O)O,7.640365
425,CCCCCCCCC(=O)O,-4.529088
426,C1=CC=C2C(=C1)C(=CN2)CC=O,7.206955
427,CCC(C)C(=O)NCC(=O)O,4.133642
428,CCCCCCC(C(=O)O)N,0.4590047
429,C(CCCC(=O)O)CCCN,1.267708
430,CCOC(=O)CC(=O)OCC,13.04638
431,C(CCC(=O)O)CCC(=O)O,2.67572
432,CCCCCCC(C(=O)O)O,-0.3944624
433,CNCCCCC(C(=O)O)N,7.476961
434,C1=CC2=C(C(=C1)O)NC(=O)C=C2,7.297024
435,C(CC(C(=O)O)N)CC(=O)O,7.296169
436,CNC(CCC(=O)O)C(=O)O,9.172621
437,CC(C(C(=O)O)NC(=O)C)O,11.22823
438,C1=CC=C2C(=C1)C(=CN2)CCO,7.356146
439,C1=CC(=C(C=C1Cl)Cl)O,-1.671862
440,C1C2C(C(C(C(O1)O2)O)O)O,16.10473
441,C(CC(C(=O)O)O)CC(=O)O,6.813103
442,COC1=CC=CC=C1C=CC=O,8.755765
443,C(CC(C(=O)O)N)C(CN)O,11.12776
444,CN1CCCC1C2=CN=CC=C2,8.995641
445,C1=CC=C(C=C1)CC(=O)C(=O)O,5.711903
446,C1C(C(C(C(O1)CO)O)O)O,18.29279
447,C1C(C(C(OC1O)CO)O)O,17.17002
448,CC1C(C(C(C(O1)O)O)O)O,11.84675
449,CC1C(C(C(C(O1)O)O)O)O,11.38609
450,CCC(C1=CC=CC=C1)C(=O)O,5.151467
451,C1=CC=C(C=C1)CCCC(=O)O,6.028341
452,CC=CC1=CC(=C(C=C1)O)OC,6.912244
453,CC(CC(=O)O)C1=CC=CC=C1,5.316206
454,CCOC(=O)C1=CC=C(C=C1)N,11.71241
455,CN(C)CCC1=CC=C(C=C1)O,3.673652
456,C1=CC=C(C(=C1)C(=O)O)C(=O)O,8.871122
457,CSC1=NC=NC2=C1NC=N2,14.29132
458,CN1C(=O)C2=C(NC1=O)N=CN2,18.41117
459,CN1C=NC2=C1C(=O)NC(=O)N2,15.47397
460,CC(C1=CC=C(C=C1)O)C(=O)O,5.268333
461,C1=CC=C(C(=C1)CCC(=O)O)O,5.48187
462,COC(=O)CC1=CC=C(C=C1)O,3.99852
463,C1=CC(=C(N=C1)C(=O)O)C(=O)O,12.47298
464,CC1=NC=C(C(=C1O)C=O)CO,13.39597
465,C1=CC(=CC=C1C(C(=O)O)N)O,9.713601
466,COC1=C(C=CC(=C1)CCN)O,11.03484
467,C=C(C(=O)O)OP(=O)(O)O,4.888348
468,C12=C(NC(=O)N1)NC(=O)NC2=O,19.32044
469,COC1=CC(=C(C=C1)O)C(=O)O,10.78088
470,CC1=CC(=O)C(C(=O)O1)C(=O)C,11.40212
471,C1=CC(=C(C=C1O)CC(=O)O)O,4.938947
472,COC1=C(C=CC(=C1)C(=O)O)O,11.62994
473,CC1=NC=C(C(=C1O)CN)CO,13.87739
474,C(C(C(=O)O)N)S(=O)(=O)O,12.18425
475,C1=COC(=C1)C(=O)NCC(=O)O,9.557966
476,C1=CC(=C(C(=C1C(=O)O)O)O)O,8.748826
477,C(C(CO)OP(=O)(O)O)O,20.6011
478,CC1=CC=C(C=C1)S(=O)(=O)O,5.607869
479,C1C(C(C(=O)C=C1C(=O)O)O)O,10.47685
480,CCCCC(CC)CCC(=O)O,-5.532203
481,CCCCCCCCCC(=O)O,-4.683375
482,C1=CC=C(C(=C1)N)S(=O)(=O)O,9.577333
483,C1=CC=C2C(=C1)C=CC(=N2)C(=O)O,11.09503
484,C1=CC=C2C(=C1)C(=CC=N2)C(=O)O,10.93346
485,C1CC(CCC1C(C(=O)O)N)O,7.079805
486,CCCCCC(=O)NCC(=O)O,1.943116
487,CC(C)CC(C(=O)O)NC(=O)C,6.188069
488,C(C(C1C(=O)C(=O)C(=O)O1)O)O,12.23077
489,CC(=O)NC(CC(=O)N)C(=O)O,14.82031
490,CCOC(=O)CCC(=O)OCC,14.72956
491,CC(C)C(C(=O)O)NC(=O)CN,13.79446
492,CC(=O)NC(CC(=O)O)C(=O)O,13.04641
493,C(C(C(=O)O)N=C(N)N)C(=O)O,11.36899
494,C(C(C1C(=C(C(=O)O1)O)O)O)O,16.07665
495,C(=O)C(C1C(C(C(=O)O1)O)O)O,11.83807
496,C(C(=O)O)(NC(=O)N)NC(=O)N,16.26736
497,CC(C)C(CC(=O)O)(C(=O)O)O,4.606316
498,CSCCC(C(=O)O)NC=O,7.971994
499,C1=CC2=C(C=C1O)C(=CN2)CCO,6.932485
501,C(C(C(=O)NCC(=O)O)N)S,10.87748
502,C(C1C(C(C(C(=O)O1)O)O)O)O,17.33558
503,C(C(C1C(C(C(=O)O1)O)O)O)O,12.13302
504,C1=CC=C(C=C1)CCCCC(=O)O,2.895824
505,C(C(C(=O)O)N)SCC(=O)O,7.307424
506,C(C1C(C(C(C(O1)O)N)O)O)O,18.45834
507,C(C1C(C(C(C(O1)O)N)O)O)O,19.57493
508,CC1C2=CC(=C(C=C2CCN1)O)O,5.046632
509,C1=CC(=CC=C1CC(=O)C(=O)O)O,6.003544
510,C1=CC(=CN=C1)C(=O)NCC(=O)O,13.49877
511,CS(=N)(=O)CCC(C(=O)O)N,10.47356
512,C(C1C(C(C(C(O1)O)O)O)O)O,18.24427
513,C(C(C(C(C(=O)CO)O)O)O)O,19.89649
514,C1C(C(C(C(O1)(CO)O)O)O)O,19.96314
515,CN1C=NC2=C1C(=O)N(C(=O)N2)C,16.41541
516,CN1C2=C(C(=O)N(C1=O)C)NC=N2,17.31648
517,CN1C(=O)C2=C(NC(=O)N2)NC1=O,19.2389
519,COC1=C(C=CC(=C1)CC(=O)O)O,11.18628
520,C1=CC(=C(C=C1CCC(=O)O)O)O,7.846596
521,COC1=C(C=CC(=C1)C(=O)OC)O,11.84262
522,C(C(C(C(C(CO)O)O)O)O)O,20.17445
523,C(C(C(C(C(CO)O)O)O)O)O,20.14074
524,C(C(C(C(C(CO)O)O)O)O)O,20.87911
525,COC1=C(C=CC(=C1)C(CN)O)O,12.21753
526,C[N+](C)(C)CCOP(=O)(O)O,17.52812
527,C(C(C(=O)O)OP(=O)(O)O)O,12.55038
528,C(C(C(=O)O)O)OP(=O)(O)O,7.777613
529,C1=CC=C2C(=C1)C=CC(=C2O)C(=O)O,7.758282
530,CC(=O)NC(CCC(=O)N)C(=O)O,13.39545
531,CC(=O)NC(CCCCN)C(=O)O,10.89489
532,C(CCN=C(N)N)CC(C(=O)O)N,7.91304
533,C(CCCCC(=O)O)CCCCO,-0.9971729
534,C(C(=O)[O-])C(CC(=O)[O-])(C(=O)[O-])O,34.05271
535,CC(=O)NC(CCC(=O)O)C(=O)O,11.85759
536,COC(=O)CC1=CNC2=CC=CC=C21,5.916698
537,C(CCNC(=O)N)CC(C(=O)O)N,13.25866
538,C(CCC(=O)O)CC(CC(=O)O)O,5.304203
539,COC1=CC2=C(C=C1)NC=C2CCN,11.50639
540,CC(=O)NC(CCSC)C(=O)O,7.65213
541,CC1=CC=CC=C1C(=O)NCC(=O)O,8.623491
542,C(C(=O)C(C(C(C(=O)O)O)O)O)O,12.53471
543,C1=CC(=CC=C1C(=O)NCC(=O)O)N,13.60982
544,COC1C(C(C(C(O1)CO)O)O)O,22.07303
545,C1=CC=C(C=C1)C(=O)NC(C(=O)O)O,13.32604
546,C(C(C(C(C(C(=O)O)N)O)O)O)O,18.66825
547,CN1C2=C(C(=O)N(C1=O)C)NC(=O)N2,20.80724
548,CN1C2=C(NC1=O)NC(=O)N(C2=O)C,16.17975
549,C[Se]CCC(C(=O)O)N,6.378731
550,C1=CC(=C(C=C1CC(C(=O)O)N)O)O,11.85367
551,CCCCCCCCCCCC(=O)O,-5.48371
552,CCCCCCCC(=O)NCC(=O)O,3.824936
553,CCOC(=O)C(C)C(=O)C(=O)OCC,10.50242
554,C(CCNCCCN)CNCCCN,11.02443
555,C1=CC=C2C(=C1)C(=CN2)CC(=O)C(=O)O,7.450696
556,CCOC(=O)CC1=CNC2=CC=CC=C21,9.808483
557,C1=CC=C2C(=C1)C(=CN2)CCCC(=O)O,6.39604
558,C1=CC=C2C(=C1)C(=CN2)CC(C(=O)N)N,9.657963
559,CC(=O)OC(CC(=O)[O-])C[N+](C)(C)C,24.63589
560,CC(=CCNC1=NC=NC2=C1NC=N2)C,8.476162
561,COC1=CC=CC=C1OS(=O)(=O)O,11.82452
562,C1=CC2=C(C(=C1)O)NC(=CC2=O)C(=O)O,11.52289
563,C1CSSC1CCCCC(=O)N,2.611412
564,COC1=CC2=C(C=C1)NC=C2CC(=O)O,12.82245
565,C1CSSC1CCCCC(=O)O,3.328671
566,C1=CC=C(C(=C1)C(=O)CC(C(=O)O)N)N,12.60656
567,C1=CC(=CC=C1CC(=O)NCC(=O)O)O,8.938551
568,C(C(C(C(=O)O)O)O)(C(C(=O)O)O)O,13.60612
569,C(C(C(C(=O)O)O)O)(C(C(=O)O)O)O,13.41579
570,C1=CC(=CC=C1CC(C(=O)O)N)[N+](=O)[O-],10.56091
571,CN1C2=C(NC1=O)N(C(=O)N(C2=O)C)C,13.80752
572,CC(C)CC1C(=O)N2CCCC2C(=O)N1,7.387311
573,CN(CC(=O)O)C(=NP(=O)(O)O)N,10.85027
574,COC1=C(C=CC(=C1)CC(C(=O)O)N)O,12.00589
575,CC(C(C1=C(C=CC(=C1)OC)OC)O)N,19.07292
576,CCCOC(=O)C1=CC(=C(C(=C1)O)O)O,9.7329
577,C1=CC=C2C(=C1)C(=CN2)OS(=O)(=O)O,8.783891
578,CC1C(NC(=O)N1)CCCCCC(=O)O,8.117165
579,C1=CC(=C(C=C1CC(C(=O)O)N)Cl)O,5.523419
580,C(CCCCC(=O)O)CCCCC(=O)O,0.6386944
581,C(CCCCCC(=O)O)CCCCCO,-3.683891
582,CCC(=O)OC(CC(=O)[O-])C[N+](C)(C)C,26.19123
583,C1=CC(=CC(=C1)OS(=O)(=O)O)C(=O)O,10.53888
584,C1=CC(=CC=C1C(=O)O)OS(=O)(=O)O,10.04863
585,C1=CC(=C(C=C1S(=O)(=O)O)C(=O)O)O,10.03451
586,CC(=O)NCCC1=CNC2=C1C=C(C=C2)O,9.595019
587,C(CCCC(=O)O)CCC(CC(=O)O)O,2.280525
588,C(COC(=O)CCC(=O)O)C(C(=O)O)N,14.0363
589,CC(C)(CO)C(C(=O)NCCC(=O)O)O,13.71823
590,CC1=CC(=C(C(=C1)C(C)(C)C)O)C(C)(C)C,-4.236005
591,CC(=O)NC1C(C(C(OC1O)CO)O)O,20.69618
592,CC(=O)NC1C(C(C(OC1O)CO)O)O,18.5804
593,C(CSCC(C(=O)O)N)C(C(=O)O)N,10.33698
594,CC(=O)NC(CC1=CC=C(C=C1)O)C(=O)O,8.565404
595,C1=CC(=C(C(=C1)O)N)C(=O)CC(C(=O)O)N,15.11289
596,C1=C(C(=C(N1)CN)CC(=O)O)CCC(=O)O,12.54803
597,C1=C(NC=N1)CC(C(=O)O)NC(=O)CCN,17.31249
598,CCCCC=CCCCCCCCC(=O)O,-6.29975
599,C(C1C(C(C(O1)O)O)O)OP(=O)(O)O,11.23085
600,C(CCCC(=O)O)CCC(=O)NCC(=O)O,7.343565
601,CCCC(=O)OC(CC(=O)[O-])C[N+](C)(C)C,24.08658
602,COC1=C(C=CC(=C1)C=O)OS(=O)(=O)O,17.92959
603,CC(=O)NCCC1=CNC2=C1C=C(C=C2)OC,14.46871
604,CCOC(=O)C(CC1=CNC2=CC=CC=C21)N,10.61846
605,COC1=CC(=CC(=C1OC)OC)C=CC(=O)O,18.58928
606,C(C(C(=O)O)N)SSCC(C(=O)O)N,5.526574
607,C1=C(C(=O)NC(=O)N1)C2C(C(C(O2)CO)O)O,26.3183
608,C1=CN(C(=O)NC1=O)C2C(C(C(O2)CO)O)O,23.87
609,C1C2C(C(S1)CCCCC(=O)O)NC(=O)N2,6.439836
610,C(CCCCCC(=O)O)CCCCCC(=O)O,-3.464626
611,CC(=O)NCCCNCCCCNCCCN,13.53835
612,CC(C)CC(=O)OC(CC(=O)[O-])C[N+](C)(C)C,21.90931
613,C1=CC(=CC(=C1)OS(=O)(=O)O)CCC(=O)O,9.333545
614,CC(C(=O)O)NC(=O)CC1=CNC2=CC=CC=C21,12.91318
615,CC(=O)NC(CC1=CNC2=CC=CC=C21)C(=O)O,12.44433
616,CC(C)C(C(=O)O)NC(=O)CCC(C(=O)O)N,9.961316
617,CC1C(C(C(O1)N2C=NC3=C(N=CN=C32)N)O)O,22.30176
618,CCCCCCC=CCCCCCCCC(=O)O,-6.836096
619,C[N+](C)(C)CCOP(=O)([O-])OCC(CO)O,24.20272
620,CN1C(=O)C=CN(C1=O)C2C(C(C(O2)CO)O)O,24.74829
621,CC1=CN(C(=O)NC1=O)C2C(C(C(O2)CO)O)O,23.54185
622,C(C1C(C(C(C(O1)O)N)O)O)OS(=O)(=O)O,18.19482
623,C(C1C(C(C(C(O1)O)N)O)O)OP(=O)(O)O,17.5442
624,C(C1C(C(C(C(O1)OP(=O)(O)O)O)O)O)O,21.76391
625,C(C1C(C(C(C(O1)OP(=O)(O)O)O)O)O)O,19.98416
626,C(C(C(C(C(=O)CO)O)O)O)OP(=O)(O)O,18.54648
627,C(C1C(C(C(C(O1)O)O)O)O)OP(=O)(O)O,14.35734
628,CC(C)CC(C(=O)O)NC(=O)CCC(C(=O)O)N,8.303842
629,C(CCN)CC(C(=O)O)NC(=O)C(CC(=O)O)N,12.48364
630,COC1=C(C=CC(=C1)CC(=O)O)OS(=O)(=O)O,15.17265
631,C(C(C(C(C(COP(=O)(O)O)O)O)O)O)O,18.99223
632,CC1=C(C=C2CCC(OC2=C1C)(C)CCC(=O)O)O,3.643218
633,CC(C(C(=O)NC(CC1=CC=CC=C1)C(=O)O)N)O,18.86259
634,C(CSSCCC(C(=O)O)N)C(C(=O)O)N,8.725636
635,CC12CCC3C(C1CCC2=O)CCC4=C3C=CC(=C4)O,2.136679
636,CCCCCCCCCCCCCCCCC(=O)O,-12.60256
637,CCCCCCCC(CC(=O)NC1CCOC1=O)O,2.007357
638,C1=CC(=CC=C1O)OC2C(C(C(C(O2)CO)O)O)O,19.66624
639,CC12CCC3C(C1CCC2O)CCC4=C3C=CC(=C4)O,0.1912174
640,C1=CC(=CC=C1CC(C(=O)O)N)OC2=CC=C(C=C2)O,12.85446
641,C(CC(=O)NC(CCC(=O)N)C(=O)O)C(C(=O)O)N,17.93839
642,C(C(C(C(C(C(=O)O)O)O)O)O)OP(=O)(O)O,18.38134
643,C1=CC(=CC=C1C=CC(=O)NCCCCN=C(N)N)O,9.781198
644,CCC=CCC=CCC=CCCCCCCCC(=O)O,-7.015158
645,C1=CC=C(C=C1)CC(C(=O)O)NC(=O)C(CC(=O)O)N,13.13765
646,CN1C=NC2=C(C1=N)N=CN2C3C(C(C(O3)CO)O)O,27.45843
647,CCCCCCCCOC(=O)C1=CC(=C(C(=C1)O)O)O,1.624853
648,CCCCCCCCCCCC=CCCCCC(=O)O,-12.58105
649,CCCCCCCCC=CCCCCCCCC(=O)O,-10.84433
650,C1C(C(OC1N2C3=C(C(=O)NC(=N3)N)NC2=O)CO)O,25.33646
651,CCCCCCCCCCCCCCCCCC(=O)O,-12.77371
652,C1=CC=C(C(=C1)CO)OC2C(C(C(C(O2)CO)O)O)O,23.78485
653,CCCCCCCC(=O)OC(CC(=O)[O-])C[N+](C)(C)C,18.59996
654,CC12CCC3C(C1CC(C2O)O)CCC4=C3C=CC(=C4)O,4.12858
657,CC12CCC(CC1CCC3C2CCC4(C3CCC4=O)C)O,-0.5641078
659,C1=CC=C(C=C1)CC(C(=O)O)NC(=O)CCC(C(=O)O)N,14.40652
660,COC(=O)C(CC1=CC=CC=C1)NC(=O)C(CC(=O)O)N,17.26362
661,CN1C(=O)C2=C(N=C1N)N(C=N2)C3C(C(C(O3)CO)O)O,29.74306
664,CC1=C(C(CCC1)(C)C)C=CC(=CC=CC(=CC(=O)O)C)C,-6.645356
665,CCC=CCC=CCC=CCC=CCC=CCCCC(=O)O,-6.134873
666,CCCCCCCCCCCCCC(=O)OCC(CO)O,-6.605541
667,C1CN(C1C(=O)O)CCC(C(=O)O)NCCC(C(=O)O)N,16.61167
668,CCCCCC=CCC=CCC=CCC=CCCCC(=O)O,-9.197177
669,C1=CN(C(=O)N=C1N)C2C3C(C(O2)CO)OP(=O)(O3)O,18.62619
670,CCCCCC=CCC=CCC=CCCCCCCC(=O)O,-9.594721
671,C1C(C(OC1N2C=CC(=NC2=O)N)COP(=O)(O)O)O,22.35474
672,C(CC(=O)NC(CS)C(=O)NCC(=O)O)C(C(=O)O)N,18.82046
673,C1C(C(OC1N2C=CC(=O)NC2=O)COP(=O)(O)O)O,21.69808
674,C(C(C(C(=O)COP(=O)(O)O)O)O)OP(=O)(O)O,19.49864
675,C1=CC(=CC=C1CC(C(=O)O)NC(=O)CCC(C(=O)O)N)O,11.57317
676,C1=CC=C(C=C1)CC(C(=O)NC(CC2=CC=CC=C2)C(=O)O)N,13.1176
677,CCC(CC)OC1C=C(CC(C1NC(=O)C)N)C(=O)OCC,16.17325
678,C(CCCCCCCCC(=O)O)CCCCCCCC(=O)O,-3.930285
680,CCCCCCCCCC(=O)OC(CC(=O)[O-])C[N+](C)(C)C,15.93049
681,CCCCCC=CCC(=O)C=CC=CCC=CCCCC(=O)O,-6.945426
682,CC1=CN(C(=O)NC1=O)C2CC(C(O2)COP(=O)(O)O)O,18.60884
683,C1=CN(C(=O)N=C1N)C2C(C(C(O2)CO)OP(=O)(O)O)O,24.01963
686,C1C(C(OC1N2C=NC3=C(N=CN=C32)N)COP(=O)(O)O)O,25.84748
687,CCCCCC=CCC=CCC=CCC=CCCCCCC(=O)O,-11.26856
688,C1=CC(=C[N+](=C1)C2C(C(C(O2)COP(=O)(O)[O-])O)O)C(=O)N,34.66609
689,CCCCCC=CCC(C=CC=CC=CC(CCCC(=O)O)O)O,-2.720012
691,C(C1C(C(C(O1)(COP(=O)(O)O)O)O)O)OP(=O)(O)O,15.53121
693,C(C1C(C(C(C(O1)OC2C(OC(C(C2O)O)O)CO)O)O)O)O,36.36562
694,C(C1C(C(C(C(O1)OC2C(OC(C2O)(CO)O)CO)O)O)O)O,34.67384
695,C(C1C(C(C(C(O1)OC2C(OC(C(C2O)O)O)CO)O)O)O)O,37.90573
696,C(C1C(C(C(C(O1)OCC2C(C(C(C(O2)O)O)O)O)O)O)O)O,36.43424
697,C(C1C(C(C(C(O1)OCC2C(C(C(O2)(CO)O)O)O)O)O)O)O,35.20884
698,C(C1C(C(C(C(O1)OC2(C(C(C(O2)CO)O)O)CO)O)O)O)O,34.68808
699,C(C1C(C(C(C(O1)OC(C(C(CO)O)O)C(=O)CO)O)O)O)O,29.6718
700,CCCCCCCCCCCC(=O)OC(CC(=O)[O-])C[N+](C)(C)C,12.90404
701,C(C1C(C(C(C(O1)OC(C(CO)O)C(C(CO)O)O)O)O)O)O,31.34042
703,CC1=C(SC=[N+]1CC2=CN=C(N=C2N)C)CCOP(=O)(O)O,20.29635
704,C1C(C(OC1N2C=NC3=C2N=C(NC3=O)N)COP(=O)(O)O)O,26.26189
705,C1=NC2=C(C(=O)N1)N=CN2C3C(C(C(O3)COP(=O)(O)O)O)O,28.37507
706,C1C(C(C(CC1(C(=O)O)O)OC(=O)C=CC2=CC(=C(C=C2)O)O)O)O,18.77946
707,CCCCCCCCC=CCCCCCCCC(=O)OCC(CO)O,-7.617565
708,C1=CC(=C(C=C1CC(C(=O)O)OC(=O)C=CC2=CC(=C(C=C2)O)O)O)O,15.39471
709,CC(C)OC(=O)C(C)(C)OC1=CC=C(C=C1)C(=O)C2=CC=C(C=C2)Cl,9.064136
710,C1=NC2=C(N1C3C(C(C(O3)COP(=O)(O)O)O)O)NC(=O)NC2=O,25.58951
711,CC(=O)OCC(=O)C1CCC2C1(CCC3C2CCC4=CC(=O)CCC34C)C,1.373582
712,CC(CCC(=O)O)C1CCC2C1(CCC3C2CC=C4C3(CCC(C4)O)C)C,-7.026883
713,CC1=CC2=C(C=C1C)N(C3=NC(=O)NC(=O)C3=N2)CC(C(C(CO)O)O)O,27.37661
714,C1=NC(=C2C(=N1)N(C=N2)C3C(C(C(O3)CSCCC(C(=O)O)N)O)O)N,25.16616
715,CC(C)CCCC(C)C1CCC2C1(CCCC2=CC=C3CC(CCC3=C)O)C,-10.6718
716,C1C(C(OC1N2C=CC(=NC2=O)N)COP(=O)(O)OP(=O)(O)O)O,26.58903
717,CC(CCC1C(=CC(=O)CC1(C)C)CO)OC2C(C(C(C(O2)CO)O)O)O,21.70666
718,CCCCC(CC)COC(=O)C1=CC=CC=C1C(=O)OCC(CC)CCCC,-6.323058
719,CCCCCCSCC(C(=O)NCC(=O)O)NC(=O)CCC(C(=O)O)N,13.16383
721,C(C1C(C(C(C(O1)OC2(C(C(C(O2)CCl)O)O)CCl)O)O)Cl)O,22.98878
722,CCCCCCCCCCCCCCCC(=O)OC(CC(=O)[O-])C[N+](C)(C)C,5.840337
723,C1=CN(C(=O)N=C1N)C2C(C(C(O2)COP(=O)(O)OP(=O)(O)O)O)O,25.37885
724,C1=CN(C(=O)NC1=O)C2C(C(C(O2)COP(=O)(O)OP(=O)(O)O)O)O,25.66911
726,CC(CCC(=O)O)C1CCC2C1(C(CC3C2C(=O)CC4C3(CCC(C4)O)C)O)C,-0.005028692
727,CC(CCC(=O)O)C1CCC2C1(CCC3C2C(C(C4C3(CCC(C4)O)C)O)O)C,-0.3616766
728,CC(CCC(=O)O)C1CCC2C1(C(CC3C2C(CC4C3(CCC(C4)O)C)O)O)C,0.5350415
729,C1C(C(OC1N2C=NC3=C(N=CN=C32)N)COP(=O)(O)OP(=O)(O)O)O,26.88635
730,CC(C(C(=O)O)NC(=O)NC1=C2C(=NC=N1)N(C=N2)C3C(C(C(O3)CO)O)O)O,36.72438
731,C(C1C(C(C(C(O1)OC2C(C(C(C(O2)COP(=O)(O)O)O)O)O)O)O)O)O,33.12844
732,C(CC(=O)NC(CSSCC(C(=O)O)N)C(=O)NCC(=O)O)C(C(=O)O)N,19.84365
733,C1C(C(OC1N2C=NC3=C2NC(=NC3=O)N)COP(=O)(O)OP(=O)(O)O)O,29.57792
734,C1=NC(=C2C(=N1)N(C=N2)C3C(C(C(O3)COP(=O)(O)O)OP(=O)(O)O)O)N,27.39285
735,C1=NC(=C2C(=N1)N(C=N2)C3C(C(C(O3)COP(=O)(O)OP(=O)(O)O)O)O)N,29.91985
736,CCCCCCCCCCCCCCCCCC(=O)OC(CC(=O)[O-])C[N+](C)(C)C,3.568855
737,C1=NC(=O)C2=C(N1)N(C=N2)C3C(C(C(O3)COP(=O)(O)OP(=O)(O)O)O)O,30.34955
738,CC1=C(C2=C(CCC(O2)(C)CCCC(C)CCCC(C)CCCC(C)C)C(=C1O)C)C,-11.42968
740,C1=NC2=C(N1C3C(C(C(O3)COP(=O)(O)OP(=O)(O)O)O)O)NC(=NC2=O)N,32.39445
741,CC(CCC(=O)NCC(=O)O)C1CCC2C1(C(CC3C2C(CC4C3(CCC(C4)O)C)O)O)C,6.460845
742,C1C(C(OC1N2C=CC(=O)NC2=O)COP(=O)(O)OP(=O)(O)OP(=O)(O)O)O,32.82928
745,C1=CN(C(=O)N=C1N)C2C(C(C(O2)COP(=O)(O)OP(=O)(O)OP(=O)(O)O)O)O,26.51809
746,C1=CN(C(=O)NC1=O)C2C(C(C(O2)COP(=O)(O)OP(=O)(O)OP(=O)(O)O)O)O,27.79626
747,C[N+](C)(C)CCOP(=O)([O-])OP(=O)(O)OCC1C(C(C(O1)N2C=CC(=NC2=O)N)O)O,40.59528
748,CC(CCC(=O)O)C1CCC2C1(C(CC3C2C(CC4C3(CCC(C4)O)C)OS(=O)(=O)O)O)C,-0.1273993
749,C1C(C(OC1N2C=NC3=C(N=CN=C32)N)COP(=O)(O)OP(=O)(O)OP(=O)(O)O)O,32.753
750,CC(CCC(=O)NCCS(=O)(=O)O)C1CCC2C1(CCC3C2C(CC4C3(CCC(C4)O)C)O)C,5.389641
751,C(C1C(C(C(C(O1)OC2C(OC(C(C2O)O)OC3C(OC(C(C3O)O)O)CO)CO)O)O)O)O,45.32485
752,C(C1C(C(C(C(O1)OCC2C(C(C(C(O2)OC3(C(C(C(O3)CO)O)O)CO)O)O)O)O)O)O)O,46.17614
753,C1C(C(OC1N2C=NC3=C2N=C(NC3=O)N)COP(=O)(O)OP(=O)(O)OP(=O)(O)O)O,34.98424
754,C1=NC(=C2C(=N1)N(C=N2)C3C(C(C(O3)COP(=O)(O)OP(=O)(O)OP(=O)(O)O)O)O)N,33.7933
755,C1=NC(=O)C2=C(N1)N(C=N2)C3C(C(C(O3)COP(=O)(O)OP(=O)(O)OP(=O)(O)O)O)O,32.94638
756,CC(CCC(=O)NCCS(=O)(=O)O)C1CCC2C1(CCC3C2C(C(C4C3(CCC(C4)O)C)O)O)C,1.659555
757,C1=NC2=C(N1C3C(C(C(O3)COP(=O)(O)OP(=O)(O)OP(=O)(O)O)O)O)NC(=NC2=O)N,34.20417
758,C1=CC(=CC=C1O)OC2=C(C=C(C=C2I)CC(C(=O)O)N)I,6.949052
759,C1=NC(=C2C(=N1)N(C=N2)C3C(C(C(O3)COP(=O)(O)OP(=O)(O)OCC4C(C(C(O4)O)O)O)O)O)N,39.89625
761,C1=CN(C(=O)NC1=O)C2C(C(C(O2)COP(=O)(O)OP(=O)(O)OC3C(C(C(C(O3)CO)O)O)O)O)O,40.25291
762,C1=CN(C(=O)NC1=O)C2C(C(C(O2)COP(=O)(O)OP(=O)(O)OC3C(C(C(C(O3)CO)O)O)O)O)O,39.17307
764,C1=NC(=C2C(=N1)N(C=N2)C3C(C(C(O3)COP(=O)(O)OP(=O)(O)OC4C(C(C(C(O4)CO)O)O)O)O)O)N,42.24256
765,CCC1=C(C(=O)NC1CC2=C(C(=C(N2)CC3=C(C(=C(N3)CC4C(=C(C(=O)N4)CC)C)C)CCC(=O)O)CCC(=O)O)C)C,13.83303
766,C1=NC2=C(N1C3C(C(C(O3)COP(=O)(O)OP(=O)(O)OC4C(C(C(C(O4)CO)O)O)O)O)O)N=C(NC2=O)N,44.04783
767,C1=NC2=C(N1C3C(C(C(O3)COP(=O)(O)OP(=O)(O)OC4C(C(C(C(O4)CO)O)O)O)O)O)NC(=NC2=O)N,41.28081
768,CC(=O)NC1C(C(C(OC1OP(=O)(O)OP(=O)(O)OCC2C(C(C(O2)N3C=CC(=O)NC3=O)O)O)CO)O)O,41.12316
769,CC(=O)NC1C(C(C(OC1OP(=O)(O)OP(=O)(O)OCC2C(C(C(O2)N3C=CC(=O)NC3=O)O)O)CO)O)O,41.57028
770,CC1C(C(C(C(O1)OC2C(OC(C(C2O)O)OC3C(OC(C(C3O)O)O)CO)CO)O)O)NC4C=C(C(C(C4O)O)O)CO,44.49637
771,C1(C(C(C(C(C1OP(=O)(O)O)OP(=O)(O)O)OP(=O)(O)O)OP(=O)(O)O)OP(=O)(O)O)OP(=O)(O)O,20.50605
772,C1=CC(=C[N+](=C1)C2C(C(C(O2)COP(=O)(O)OP(=O)(O)OCC3C(C(C(O3)N4C=NC5=C(N=CN=C54)N)O)O)O)O)C(=O)N,41.04454
773,C1=CC(=C[N+](=C1)C2C(C(C(O2)COP(=O)(O)OP(=O)(O)OCC3C(C(C(O3)N4C=NC5=C4N=CNC5=O)O)O)O)O)C(=O)N,44.42936
774,C1C=CN(C=C1C(=O)N)C2C(C(C(O2)COP(=O)(O)OP(=O)(O)OCC3C(C(C(O3)N4C=NC5=C(N=CN=C54)N)O)O)O)O,36.43769
775,C(C1C(C(C(C(O1)OCC2C(C(C(C(O2)OCC3C(C(C(C(O3)OC4(C(C(C(O4)CO)O)O)CO)O)O)O)O)O)O)O)O)O)O,51.34282
776,C1=CC(=C[N+](=C1)C2C(C(C(O2)COP(=O)(O)OP(=O)(O)OCC3C(C(C(O3)N4C=NC5=C(N=CN=C54)N)OP(=O)(O)O)O)O)O)C(=O)N,40.62065
778,C1=C(C=C(C(=C1I)OC2=CC(=C(C(=C2)I)O)I)I)CC(C(=O)O)N,1.37546
779,CC1=CC2=C(C=C1C)N(C3=NC(=O)NC(=O)C3=N2)CC(C(C(COP(=O)(O)OP(=O)(O)OCC4C(C(C(O4)N5C=NC6=C(N=CN=C65)N)O)O)O)O)O,38.48348
781,CC=CC=O,2.056724
782,C(C=O)C=O,6.667209
783,C1=C(NC=N1)N,8.974297
784,CCCCC=O,-0.0153307
785,CCCCCC=O,-1.71563
786,CC(C)(C)C(=O)O,-1.580613
787,CCC(C)C(=O)O,-1.014064
788,CCOCCCO,3.243538
789,C1=C(NC=N1)CC=O,8.787689
790,C1C=CC(N1)C(=O)O,6.226976
791,CCCC(=O)C(=O)C,1.905387
792,CCCCCCC=O,-2.641328
793,CC(C)C(=O)C(=O)[O-],15.97423
794,CCCC(C)C(=O)[O-],10.92296
795,CC(=O)C(C(=O)O)N,9.9934
796,COCC(C(=O)O)N,9.318253
797,C(C(CO)O)C(=O)O,6.589845
798,CCC1=CC=C(C=C1)O,2.578391
799,CC1=CC=C(O1)C(=O)[O-],14.24481
800,CCCCCC=CC=O,-2.542033
801,C1CCN=C(C1)C(=O)O,5.839803
802,C1CC(=O)NC(=O)C1N,9.260665
803,CCCCC(=O)C(=O)C,-0.9344561
804,CCCCC(C)C(=O)O,-2.278223
805,C(C(=N)C(=O)O)C(=O)O,7.002078
806,CC(=O)CC(C(=O)[O-])O,15.57382
807,CC(C)(C(C(=O)[O-])O)O,17.4922
808,CSCC(C(=O)O)N,4.697912
809,CCC1=CC(=C(C=C1)O)O,5.444627
810,CN1C=NC=C1CC(=O)O,8.669683
811,CCCC(=CC=C)C(=O)O,0.5105231
812,CCCC(CC=C)C(=O)O,-0.2410013
813,C1CC(=O)N(C1)CCCN,9.054106
814,CC1(C(=O)CCS1)OC,8.75854
815,C1=NC2=C(C(=O)N1)NC(=O)N2,13.72898
816,C1=CC(=C(C=C1CC=O)O)O,9.983011
817,CCC(=O)OCC1=CC=CO1,8.048922
818,C1=CC=C2C(=C1)C=CC=C2C=O,8.157554
819,CCCCCC(C=CC=O)O,-0.9041453
820,C(=CC(=O)O)C=C(C(=O)O)N,3.551794
821,CCCCCC(=O)CC(=O)O,2.437953
822,C1CC(CCC1CC(=O)O)O,4.5895
823,CCCCCC(CC(=O)O)O,1.805341
824,CCCC(C(CC)O)C(=O)O,-0.2389576
825,C1=CC=C2C(=C1)C(=CC(=O)N2)O,8.226181
826,C1=CC2=C(C=C1O)C(=O)C=CN2,9.935796
827,CC1(C2=CC=CC=C2NC1=O)O,8.573248
828,CC(=C)C1CCC(=CC1)C(=O)[O-],9.615376
829,C(C(C(C(C(=O)O)O)O)O)O,13.02441
830,C(C(C(C(C(=O)O)O)O)O)O,12.99142
831,C1=CC=C(C=C1)C(CC(=O)O)O,10.93888
832,C(CS(=O)O)C(C(=O)O)N,8.393599
833,CCCC(=O)NC1CCOC1=O,3.652964
834,C(CC(=O)O)C=CCCC(=O)O,5.333478
835,C1CC(NC1CC(=O)O)C(=O)O,7.986472
836,C(CCN)CC(C(=O)N)NC=O,11.97427
837,C(CC(C(=O)O)O)CN=C(N)N,9.010252
838,CC1C(C(C(C(O1)O)OC)O)O,15.82875
839,CC(C)CC(C(=O)NCC(=O)O)N,8.171374
840,CCCCCCCCC(C(=O)O)O,-3.363739
841,C1C(C(C(=O)CC1(C(=O)[O-])O)O)O,23.42986
842,C1=CC=C(C(=C1)O)OS(=O)(=O)O,6.881146
843,C(C(C(=O)C(=O)O)C(=O)O)C(=O)O,10.72873
844,C1=CC=C2C(=C1)C(=CN2)CC(CO)N,7.847223
845,C1(C(C(OC(C1O)O)C(=O)[O-])O)O,28.81399
846,C1=C2C=C(NC2=CC(=C1O)O)C(=O)O,6.810548
847,C1=CC(=C(C=C1CC(C(=O)O)O)O)O,10.21883
848,C(CC=CCCCC(=O)O)CC(=O)O,4.662376
849,CCC1=CC=C(C=C1)OS(=O)(=O)O,6.172953
850,CN(C)C(CCCN=C(N)N)C(=O)O,12.30408
851,C(CCN)CC(C(=O)O)NC(=O)CN,14.51063
852,CC(C(=O)O)NC(=O)C(CC(=O)O)N,10.52806
853,CC(CCCCC(C(=O)O)O)C(=O)O,2.216445
854,CC(C)C(=O)OCC=CC1=CC=CC=C1,7.810014
855,C=COC(=O)C=CC1=CC(=C(C=C1)O)O,9.966951
857,C1=CC=C(C(=C1)C(=O)CC(=O)C(=O)O)N,11.61814
858,CC(=O)NC(CC1=CN(C=N1)C)C(=O)O,13.31834
859,CCCCCCCCCC(=O)CC(=O)[O-],6.748173
860,C=CCC1=CC=C(C=C1)OS(=O)(=O)O,5.552238
861,CCCCCCCCC(=O)NCC(=O)O,0.2476686
862,CC1=C(C(=CC2=C1OS(=O)(=O)O2)O)O,7.085489
864,CCC(C)C(C(=O)NC(CO)C(=O)O)N,8.090406
865,C(C(C(=O)NC(CO)C(=O)O)N)C(=O)O,17.02266
866,C1=CC=C(C(=C1)C(=O)CCC(=O)O)C(=O)O,9.967414
867,CCCCCCCCCC(=O)NCC(=O)O,0.6943371
868,C1CC(NC1)C(=O)NC(CC(=O)O)C(=O)O,12.3275
869,CC(C)C(C(=O)O)NC(=O)C1CC(CN1)O,9.86201
870,CC(C)CC(=O)NC(CCC(=O)O)C(=O)O,6.957128
871,C(CC(C(=O)O)NC(=O)CCC(=O)O)CN,10.23235
872,CCCC(=O)OCC(CO)OC(=O)CCC,14.2669
874,CCC1(C(=O)N(C(=O)N1)C)C2=CC=C(C=C2)O,11.21745
875,C1=CC=C(C=C1)COC(=O)C=CC2=CC=CC=C2,11.32903
876,C(CC(C(=O)NCCS(=O)(=O)O)N)CN,12.24856
877,CC1CCC(C(C1)OC(=O)CC(=O)C)C(C)C,0.3732976
878,CCCCCCCCC(=O)NC1CCOC1=O,-3.016537
879,CCCCCCCCCCCC(=O)CC(=O)O,-2.875616
880,CCCCCCCCCCCCCCC(=O)O,-9.650005
881,C1CC(N(C1)C(=O)C(CCC(=O)N)N)C(=O)O,15.09349
882,CC=C(C)C(=O)OC(CC(=O)[O-])C[N+](C)(C)C,19.00727
883,C(CCCCC(=O)O)CCCC(CC(=O)O)O,2.204139
884,C[N+](C)(C)CC(CC(=O)[O-])OC(=O)CC(=O)O,24.47859
885,COC1=C(C=CC(=C1)C(=O)O)OS(=O)(=O)O,14.08133
886,C1=CC2=C(C=C1O)C(=CN2)CC(=O)NCC(=O)O,10.2175
887,C1CCN2C(C1)C(=O)NC(C2=O)CC3=CN=CN3,15.61686
888,C(CC(=O)O)C(C(=O)NC(CS)C(=O)O)N,14.24585
889,C1C(C(C(C=C1C(=O)O)OP(=O)(O)O)O)O,11.43517
890,C(CC(=O)NCCS(=O)(=O)O)C(C(=O)O)N,12.21948
891,C1=C(N(C(=C1)C=O)CCCCC(C(=O)O)N)CO,13.29856
893,C(CCCCCCC(=O)[O-])CCCCCC(=O)[O-],16.56877
894,C1CC(=O)NC1C(=O)NC(CCC(=O)N)C(=O)O,17.43821
895,CC1=C(C2=CC=CC=C2C(=C1)OC(=O)C)OC(=O)C,8.581755
896,C1=CC(=C(C=C1C=CC(=O)O)O)OS(=O)(=O)O,6.989457
897,C(C(C(C(C(C=O)O)O)O)O)OP(=O)(O)O,18.37236
898,CCC(C)C(C(=O)O)NC(=O)C(CCC(=O)O)N,8.665285
899,C(CC(=O)O)C(C(=O)O)NC(=O)C(CC(=O)O)N,12.68136
900,CC(=O)NC(CSCCC(C(=O)O)N)C(=O)O,13.09313
901,CCCCCC1C(CCC1=O)CCCCCC(=O)O,-2.939092
902,CCCCCCCCCCCCCC(CC(=O)O)O,-5.750157
903,C1(C(C(OC(C1O)OP(=O)(O)O)C(=O)O)O)O,20.36163
904,COC1=C(C=CC(=C1)C=CC(=O)O)OS(=O)(=O)O,13.45777
905,C(CCN)CC(C(=O)O)NC(=O)C(CCC(=O)O)N,11.78624
906,C(CC(=O)NC(CCC(=O)O)C(=O)O)C(C(=O)O)N,13.9807
907,CC1C(C(C(C(O1)O)OC)O)NC(=O)CC(C)(C)O,15.47097
908,C1C(CN(C1C(=O)O)C(=O)C(CC2=CC=CC=C2)N)O,15.73204
909,CCCCCC=CCC=CCCCCCCCC(=O)N,-7.961655
910,CN1C=[N+](C2=C1C(=O)NC=N2)C3C(C(C(O3)CO)O)O,32.58201
911,C1=CC=C(C=C1)CC(C(=O)O)NC(=O)CC2=CC=CC=C2,14.54305
912,C1=C(NC=N1)CC(C(=O)NC(CCC(=O)N)C(=O)O)N,18.75297
913,CCCCCCCCCCCC(=O)NC1CCOC1=O,-3.453228
914,C(CCCCCCCC(=O)[O-])CCCCCCC(=O)[O-],13.95931
915,CCCCCC(CCCCCCCCCCC(=O)O)O,-5.354229
916,CC(CC(=O)[O-])CC(=O)OC(CC(=O)O)C[N+](C)(C)C,28.53512
917,CC(=CCCC(=CCC1=C(C(=CC(=C1)C(=O)O)O)O)C)C,-1.653823
919,C1=CC=C(C=C1)CC(C(=O)NC(CCC(=O)O)C(=O)O)N,16.2245
920,CCC(CCC(C)O)COC(=O)C1=CC=CC=C1C(=O)O,5.776788
921,C1=CC(=CC=C1CC(C(=O)O)NC(=O)C(CC(=O)O)N)O,12.71043
922,C1=CC(=CC=C1CC(C(=O)NC(CC(=O)O)C(=O)O)N)O,12.93971
923,CCCCCC=CC=CC(CCCCCCCC(=O)O)O,-5.276275
924,CCCCCCCCCCCCCCCCCCC(=O)[O-],-0.7376117
925,CCCCCCCCCCCCCCCCC(C(=O)[O-])O,-3.941228
926,C(CCC(=O)N)CC(CCS)SC(=O)CCC(=O)O,3.687846
927,CCCCCCCCCCCCCCCCCCCC(=O)[O-],-5.170321
928,C(C1C(C(C(O1)N=C(CNC=O)N)O)O)OP(=O)(O)O,21.82898
929,CCCCCCCCCCCCCCCC(=O)NCC(=O)O,-5.20987
930,CC1=CCC(CC1)C(C)(C)OC2C(C(C(C(O2)CO)O)O)O,15.54363
931,CCCCCC=CCC=CC=CC=CC1C(O1)CCCC(=O)O,-5.703981
932,CCCCCC=CCC(C=CC=CCC=CCCCC(=O)O)O,-5.182348
933,CCCCCC(C=CC1C(CC(C1CC=CCC(=O)O)O)O)O,3.270958
934,C1=CC(=C(C=C1CCN)O)OC2C(C(C(C(O2)C(=O)O)O)O)O,23.86335
935,CC(C)CCCC(C)CCC(=O)OC(CC(=O)[O-])C[N+](C)(C)C,16.50452
936,C1=CC2=C(C(=C1)O)N=C(C=C2)OC3C(C(C(C(O3)C(=O)O)O)O)O,21.66218
937,CC(C(=O)O)NC1=NC2=C(C(=O)N1)N=CN2C3CC(C(O3)CO)O,31.72748
938,C(C1C(C(C(C(O1)OC2C(OC(C(C2O)N)O)CO)O)O)O)O,37.16974
939,CCCCCC(C=CC1C(C(CC(O1)O)O)CC=CCC(=O)O)O,6.416817
940,CC12CCC(CC1=CCC3C2CCC4(C3CCC4(C(=O)CO)O)C)O,0.5295564
941,CCCCCCCCCCCC=CC=CC=CC=CC=CC=CC(=O)O,-16.18032
942,C1=CC(=C(C=C1CCC(=O)O)OC2C(C(C(C(O2)C(=O)O)O)O)O)O,21.17757
943,CCC(C(CC=CCC=CCC=CCC=CCC=CCCC(=O)O)O)O,-4.130662
944,CCCCCCCCCCCCCCCC(=O)NCCS(=O)(=O)O,-1.386583
945,C1=CC=C2C(=C1)C(=C(N2)C3C(C(C(C(O3)CO)O)O)O)CC(C(=O)O)N,26.0571
946,CCCCCCCCC=CC=CCC(=O)OC(CCC(=O)[O-])[N+](C)(C)C,11.32909
947,CCCCCCCCCCCC=CC(=O)OC(CCC(=O)[O-])[N+](C)(C)C,10.44681
949,CC(=O)OCC1C(C(C(C(O1)OC(=O)C)OC(=O)C)OC(=O)C)OC(=O)C,15.44412
950,CCCCCCCCCCCCCC=CC(=O)OC(CC(=O)[O-])C[N+](C)(C)C,8.552958
952,CC(CCCC(C)(C)O)C1CCC2C1(CCC3C2CC=C4C3(CCC(C4)O)C)C,-5.617675
953,CC(CCC(=O)O)C1CCC2C1(C(CC3C2C(CC4C3(CCC(=O)C4)C)O)O)C,1.266001
955,CCCCCC(C=CC=CC=CC1CC(OO1)C(CCCC(=O)OC)OO)OO,1.437115
956,C1C(COC2=C1C=CC(=C2)OC3C(C(C(C(O3)C(=O)O)O)O)O)C4=CC=C(C=C4)O,24.0295
957,C1(C(C(C(C(C1OP(=O)(O)O)O)OP(=O)(O)O)OP(=O)(O)O)O)O,18.37489
958,CCCCCC=CCC=CCCCCCCCC(=O)OC(CC(=O)[O-])C[N+](C)(C)C,5.721836
959,CCCCCCCCC=CCCCCCCCC(=O)OCC(COC(=O)C)OC(=O)C,0.007881296
960,CCCCCC=CCC=CCCCCCCCCCC(=O)OC(CC(=O)[O-])C[N+](C)(C)C,4.767537
961,CC(CCC(=O)O)C1CCC2C1(CCC3C2CCC4C3(CCC(C4)OS(=O)(=O)O)C)C,-3.984475
962,CC12CCC3C(C1CCC2OC4C(C(C(C(O4)C(=O)O)O)O)O)C=CC5=CC(=O)CCC35C,16.42235
963,CC(=CC=CC(=CC(=O)OC1C(C(C(C(O1)C(=O)O)O)O)O)C)C=CC23C(CCCC2(O3)C)(C)C,12.09095
964,CC(CCCC(CO)COS(=O)(=O)O)C1CCC2C1(C(CC3C2C(CC4C3(CCC(C4)O)C)O)O)C,5.578569
965,CC12CCC(CC1CCC3C2C4CC5(C3CCC5C(=O)CO)C(O4)O)OC6C(C(C(C(O6)C(=O)O)O)O)O,18.60254
966,CC1C(=O)C(C(C(O1)OP(=O)(O)OP(=O)(O)OCC2C(C(C(O2)N3C=CC(=O)NC3=O)O)O)O)O,39.74845
967,CCC1=C(C(=O)NC1CC2=C(C(=C(N2)C=C3C(=C(C(=N3)CC4C(=C(C(=O)N4)CC)C)C)CCC(=O)O)CCC(=O)O)C)C,11.61503
968,C1=CC(=C[N+](=C1)C2C(C(C(O2)COP(=O)(O)OP(=O)(O)OCC3C(C(C(O3)N4C=NC5=C(N=CN=C54)N)OP(=O)(O)O)O)O)O)C(=O)O,41.6313
969,CC(C)CCN,-0.56495
970,C(C(=O)CO)O,7.749737
971,CC=CC=CC=O,-1.102832
972,CCCC=CC=O,-0.3276491
973,C1C(C(=O)NO1)N,8.810529
974,CC(C(=O)O)NC,6.000946
975,CNC1=CC=CC=C1,7.450978
976,COC1=CC=C(C=C1)N,10.31917
977,C1C(NCS1)C(=O)O,8.639343
978,CC(C(C(=O)O)NC)O,11.37697
979,C1=CC=C2C(=C1)N=NN2O,9.567823
980,C1=CC=C(C=C1)C(=O)CO,7.604464
981,C1=CC(=CC=C1CCO)O,5.77847
982,C1=C(OC=C(C1=O)O)CO,11.28301
983,C[N+]1(CCCC1C(=O)O)C,17.30268
984,C1=CC=C2C(=C1)C=CC(=O)O2,6.662246
985,C1=CC=C2C(=C1)C(=O)OC2=O,7.035009
986,CNC1=CC=CC=C1C(=O)O,10.19367
987,C1=CC(C(C(=C1)C(=O)O)N)O,8.347426
988,C1=CC=C(C=C1)C2=CC=CC=N2,9.486933
989,C1=CN(C=N1)CC(C(=O)O)O,11.55094
990,CCCCCC1CCC(=O)O1,-4.731374
991,C[N+](C)(C)CCCCC(=O)[O-],23.33286
992,CC(C)C(C(=O)O)[N+](C)(C)C,12.81647
993,CCCCC(=O)C1=CC=CC=C1,3.408829
994,C1=CC(=CC=C1C=CC(=O)O)O,4.616237
995,CC(=O)OCCC1=CC=CC=C1,9.947607
996,CS(=O)CCC(C(=O)O)N,10.42047
997,CCCCCC1=CC=CC(=O)O1,0.1090853
998,CC(=CCCC(=CC(=O)O)C)C,-3.45089
999,C1CC(N(C1)C(=O)CN)C(=O)O,9.352279
1000,CN(C)CCCCC(C(=O)O)N,6.335614
1001,COC1=C(C=CC(=C1)C=CC=O)O,9.040142
1002,CC(COC(=O)C)C1=CC=CC=C1,7.186295
1003,C1=CC(=CN=C1)C(=O)CCC(=O)O,12.08717
1004,C1=CC=C(C=C1)N(CCO)CCO,11.38142
1005,CCCCCCC1CCCC(=O)O1,-2.528543
1006,C1CC2=C(C(=O)C1)C3=CC=CC=C3N2,6.470088
1007,CC(C(=O)N1CCCC1C(=O)O)N,9.5114
1008,CC(C(=O)CCC(=O)O)NC(=O)C,9.15245
1009,CC(C)C(C(=O)O)NC(=O)C(C)N,9.006567
1010,C[N+](C)(C)CCCCC(C(=O)[O-])N,21.40423
1011,C1=CC=C2C(=C1)C(C(=O)N2)CC(=O)O,10.41999
1012,CCOC(=O)C1=CC=C(C=C1)N(C)C/CCN(CC)C(=O)C1=CC=C(C=C1)O,20.54013
1013,C1=CC=C2C(=C1)C(=O)C3=CC=CC=C3O2,7.866118
1014,CC(=O)C1=C(C=C(C=C1OC)OC)O,16.11561
1015,CC1(CC(CC(N1CCO)(C)C)O)C,7.100379
1016,CC(C)CC(C(=O)NC(C)C(=O)O)N,4.055956
1017,C1=CC=C(C=C1)COC(=O)NCC(=O)O,9.879481
1018,CC1=C(N2C(C(C2=O)[NH3+])SC1)C(=O)[O-],22.53218
1019,CCCCCC=C(C(C)C(=O)O)C(=O)O,0.4473425
1020,CC(C)C(C(=O)N1CCCC1C(=O)O)N,11.48903
1021,CCC(CC1CCC(O1)C(C)C(=O)O)O,5.475515
1022,CCCCOC(=O)C1=CC=CC=C1C(=O)O,4.836057
1023,C1=CC=C(C=C1)CNC2=NC=NC3=C2NC=N3,20.39677
1024,C1CC(NC1)C(=O)N2CC(CC2C(=O)O)O,12.90722
1025,CC(C)CC(C(=O)O)NC(=O)C(C(C)O)N,12.7724
1026,CC(C(=O)NC(CC1=CC=CC=C1)C(=O)O)N,11.04149
1027,C(COCCOCCOCCOCCO)O,19.15067
1028,COC1=CC(=CC(=C1OC)OC)CCC(=O)O,19.55099
1029,CC(C)CC(C(=O)NC(CC(C)C)C(=O)O)N,1.222572
1030,CC(C)CC(C(=O)NCC(=O)NCC(=O)O)N,13.06883
1031,CC(C(C(=O)O)NC(=O)C(CCC(=O)O)N)O,16.23182
1032,CC1CC=C2C1CC3(C(=O)CC2(C3(C)CO)C)O,1.350722
1033,CC(=C1CC2C(CCC2(C)O)C(CC1=O)(C)O)C,2.574757
1034,CC1(C(CCC2(C3C1C(C2(CC3O)C)O)C)O)C,3.999835
1035,CCCCCCCCCCCCCCCC(=O)N,-6.834594
1036,CN1C(=N)C=CN(C1=O)C2C(C(C(O2)CO)O)O,23.356
1037,CCC(C)C(C(=O)NC(CCC(=O)N)C(=O)O)N,12.11029
1038,CN1C=NC2=C1C(=O)N(C(=O)N2C)CCCC(=O)O,17.74473
1039,CCCCCC=CCC(C=CC=CCCC(=O)O)O,-4.602244
1040,CC1CCC(CC1=O)(C(C)CC(=O)O)C(=O)C(C)C,3.728025
1041,C=CCC1=C(C=CC2=C1C(=O)N3CCCCCC3=N2)O,3.677457
1042,C1=CC=C(C=C1)C2=CC(=O)C3=C(O2)C=CC4=CC=CC=C43,12.11688
1043,COC1=CC(=C(C=C1)C2CC3=C(C=C(C=C3)O)OC2)O,15.2998
1044,C[N+](C)(C)CC(CC(=O)[O-])OC(=O)CCCC(=O)O,28.12435
1045,CSCCC(C(=O)O)NC(=O)CCC(C(=O)O)N,11.96521
1046,CCCCC(CC)COC(=O)C1=CC=CC=C1C(=O)O,2.261533
1047,C1=CC=C(C=C1)CCC(CC(=O)C=CC2=CC=CC=C2)O,10.37081
1048,CCCCCCCCC=CCCCCCCCC(=O)O,-11.65534
1049,CC12CCC3C(C1CC(C2=O)O)CCC4=C3C=CC(=C4)O,4.270832
1050,C1=CC=C2C(=C1)C(=CN2)CC(C(=O)O)NC(=O)CC(=O)O,14.71746
1051,CCC(C)C(C(=O)O)NCC1(C(C(C(O1)CO)O)O)O,18.68222
1052,CCOC1=CC(=C(C=C1N2CCOCC2)OCC)[N+](=O)[O-],20.15391
1053,C1C(C(C(=O)O1)CC2=CC(=CC=C2)O)CC3=CC(=CC=C3)O,3.243096
1055,CC(C)CCCCCCC(=O)NCC1=CC(=C(C=C1)O)OC,6.959564
1056,C(CCNCC(=O)C(C(C(CO)O)O)O)CC(C(=O)O)N,20.50606
1057,CC(=O)OC1C(CCC(C1O)C2=CC=CC=C2)C3=CC=CC=C3,10.46916
1058,COC1=C(C2=C(C=C1)OC(=CC2=O)C3=CC=CC=C3OC)OC,24.06072
1059,CCCCCC(C(CC=CCCCCCCCC(=O)O)O)O,-3.213591
1060,CCCCCCCCC1C(O1)C(CCCCCCC(=O)O)O,-3.198335
1061,CC(C)C(C(C)O)(C(=O)OCC1=CC[N+]2(C1C(CC2)O)[O-])O,11.27175
1062,CC(=O)OC(CCCCCCCCCCCC#C)CC(CO)O,6.558211
1063,CCCCCCCCCCCCCCCCCC(=O)NCCO,-6.111141
1064,CCC=CCC(C=CC(C(CCCCCCCC(=O)O)O)O)O,2.338763
1065,CC1=CC(=CC(=C1)OC2=CC(=C(C(=C2)C)CC(C(C)(C)O)O)O)O,5.36053
1066,CC12CCC(CC1CCC3C2C(=O)CC4(C3CCC4(C(=O)CO)O)C)O,3.722605
1067,C1=CC=C(C=C1)C(=O)OCC(COC2C(C(C(C(O2)C(=O)O)O)O)O)O,23.6695
1070,CC(CCC(=O)OC)C1CCC2C1(C(CC3C2CCC4C3(CCC=C4)C)O)C,-7.335418
1071,CC(CCC(=O)O)C1CCC2C1(C(=O)CC3C2CCC4C3(CCC(C4)O)C)C,-3.523521
1072,CC(CCC(=O)O)C1CCC2C1(CCC3C2C(=O)CC4C3(CCC(C4)O)C)C,-2.021466
1073,CC(C=CC(=O)OC)C1CCC2C1(CCC3C2C(CC4C3(CCC(C4)O)C)O)C,-0.01941599
1074,C1=CC(=CC=C1C=CC(=O)NCCCCNCCCNC(=O)C=CC2=CC=C(C=C2)O)O,7.213582
1075,COC1=C(C=CC(=C1)C=CC(=O)NCCCCNC(=O)C=CC2=CC(=C(C=C2)O)OC)O,20.88339
1076,CN1C(CNC2=C1C(=O)NC(=N2)N)CNC3=CC=C(C=C3)C(=O)NC(CCC(=O)O)C(=O)O,28.68695
1077,CCCCCCCCCCCCCCC(=O)OCC(COP(=O)([O-])OCC[N+](C)(C)C)O,9.10659
1078,C(CC(=O)NC(CSSCC(C(=O)NCC(=O)O)NC(=O)CCC(C(=O)O)N)C(=O)NCC(=O)O)C(C(=O)O)N,22.0019
1079,C=CC(=O)O,0.5482678
1080,CCC(=O)C(=O)O,5.23439
1081,CC(CCO)(CC(=O)O)O,9.784081
1082,CC(C(=O)NC(C)C(=O)O)N,8.151847
1083,C1=CC(=CC=C1O)S(=O)(=O)O,7.254226
1084,CC(=O)NC(CCCN)C(=O)O,9.324558
1085,CC(=O)CC(=O)NC1CCOC1=O,7.988452
1086,CC(CC(=O)NC1CCOC1=O)O,7.753477
1087,C1=CC(=C(C=C1O)S(=O)(=O)O)O,6.754594
1088,CC1=C(C(=O)C=CO1)OS(=O)(=O)O,7.052254
1089,C1=CC=C2C(=C1)N=C(S2)S(=O)(=O)O,9.653935
1092,CCC(C)C(C(=O)O)NC(=O)C1CCC(=O)N1,7.137954
1093,C1=CN(C(=O)N=C1N)C2C(C(C(O2)CO)O)O,23.08141
1094,CCCCCC(CC(=O)NC1CCOC1=O)O,4.630362
1095,CCCCCCCCCCCC(CC(=O)O)O,-1.741177
1096,CC12CCCC(=C)C1C(C(CC2)C(=C)C(=O)O)O,-0.6106153
1097,CC(C)(C)C1=CC(=CC(=C1O)C(C)(C)C)[N+](=O)[O-],0.393795
1098,C1C(OC2=CC(=CC(=C2C1=O)O)O)C3=CC=CC=C3,13.17714
1099,COC1C(C(OC1N2C=CC(=O)NC2=O)CO)O,29.01985
1100,CCCCCCCCCCC(C(CC(=O)O)O)C(=O)O,1.030692
1101,C1=CC(=CC=C1CCCCC(=O)C=CC2=CC=C(C=C2)O)O,3.39078
1102,CCCCCCCCCCCCCC(=O)CC(C)C(=O)O,-7.384556
1103,C1=CC(=CC(=C1)O)CC(CO)C(CC2=CC(=CC=C2)O)CO,10.8882
1104,C1CC(=O)C(C1CC(=O)O)CC=CCCOS(=O)(=O)O,4.568034
1106,CCCCCCCCCCCCCCCCCCCCC(=O)O,-15.70406
1107,COC1=CC(=C(C(=C1)OC)C(=O)C=CC2=CC(=C(C=C2)O)OC)O,20.92351
1108,CCCCCCCC(C=CC(CCC(CCCC(=O)O)O)O)O,3.346262
1109,CCC(C1CC(C(O1)C=CC(CCCCCCCC(=O)O)O)O)O,7.609014
1110,CCCCCC1=C(C(=C(C(=C1C(=O)O)O)CC=C(C)C)OC)CC=C(C)C,-3.10617
1111,CC1=NC=C(C=N1)C(CCCCCCC2=NC3=C(CCCN3)C=C2)CC(=O)O,14.84316
1112,CCCCCCCCC(C(CCCCCCCC(=O)OS(=O)(=O)O)O)O,-1.450941
1113,CC1=CC2=C(C=C1C)N(C3=NC(=O)NC(=O)C3=N2)CC(C(C(COP(=O)(O)O)O)O)O,21.22579
1114,CC1CCC2C(C(C(CC2(C13CC4=C(C=C5C(=C4O3)CN(C5=O)C(C(C)C)C(=O)O)O)C)O)O)(C)C,8.428132
1117,CC(=O)N1CCCC1C(=O)O,8.329857
1118,CC(=O)C1=CNC2=CC=CC=C21,7.498209
1119,CC(=O)NC(CC1=CN=CN1)C(=O)O,13.89804
1120,C(C(C(=O)O)SCC(C(=O)O)N)C(=O)O,10.68814
1121,CC(=O)NC1=NC(=O)N(C=C1)C2C(C(C(O2)CO)O)O,26.05225
1123,CC(CC1=CC(=C(C=C1)O)O)C(=O)O,6.60318
1124,C1=CC(=C(C(=C1)O)OC2C(C(C(C(O2)C(=O)O)O)O)O)O,22.63795
1130,CCCCCCCCCCCCCCCC(=O)NCCO,-5.137776
1132,C(CSCC(C(=O)O)N)C(=O)O,8.041155
1135,CC(C)(CN)C(=O)O,5.943021
1136,CC(C(C)O)C(C(=O)O)N,7.825079
1137,CCOCC(C(C(=O)O)N)O,12.5853
1140,CC(C(=O)CCCCCC(=O)O)N/CC1(CC(C(N1O)(C)C)C(=O)O)C,7.641973
1142,CCCCCC=CC=CC=CC(=O)O,-5.878151
1143,CC(C(CC1=CC=CC=C1)OC)C(=O)O,7.162493
1147,CC(C)C(C(=O)O)NC(=O)C1CCC(=O)N1,7.939917
1149,CCC(C(=O)O)NC(=O)CCC(C(=O)O)N,13.38431
1150,C(C(C(=O)NC(CC(=O)O)C(=O)O)N)C(=O)O,19.98652
1154,CC(=O)NCCCC(C(=O)O)NC(=O)CCC(C(=O)O)N,17.08668
1156,C1=CC(C=CC1O)(CC(C(=O)O)N)C(=O)O,9.940422
1158,C1CCN(C(C1)C(=O)O)C(=O)CCC(C(=O)O)N,12.67888
1159,CSCCC(C(=O)NC(CC(=O)O)C(=O)O)N,9.235701
1161,C1=CC2=C(C=C1OC3C(C(C(C(O3)C(=O)O)O)O)O)C(C=N2)CCN,23.50392
1162,CC=CCCCC=CC(=O)O,-3.503473
1164,CC(=O)NCCCC(C(=O)O)NC(=O)C,13.50369
1166,CCCCCC1=C(C(=C(O1)CCC(=O)O)C)C,-3.267767
1167,C[N+](C)(C)C(CCC(=O)[O-])OC(=O)CCCCCCC(=O)O,19.27308
1169,C(C(=O)C=CC(=O)O)C(=O)O,7.71914
1170,C1=CC(=CC=C1CC(C(=O)NCC(=O)O)N)O,13.85155
1177,C1=CC(=CC=C1CC(C(=O)NCC(=O)O)NC(=O)CN)O,15.2156
1178,C1=CC=C(C(=C1)CO)C(=O)O,11.92002
1182,C1CCC(=CC1)C(=O)NCC(=O)O,6.772834
1183,C1CC(=O)NC1C(=O)NCC(=O)O,14.27113
1184,CCCCCCC(=O)NCC(=O)O,1.809508
1185,CCCC=CC=CC(=O)NCC(=O)O,1.676917
1187,CCCCCCCC(C(=O)O)C(=O)O,-1.924289
1188,COC1=C(C=C2C=C(NC2=C1)C(=O)O)O,12.03202
1189,CC(C(=O)NC(CCSC)C(=O)O)O,9.205583
1191,CC(C)C(C(=O)O)NC(=O)C(CC(=O)O)N,9.082559
1195,CCCCCCCCCCCC(=O)NCC(=O)O,-2.70778
1196,C1C(CN(C1C(=O)O)C(=O)CCC(C(=O)O)N)O,18.50928
1199,C1=C(NC=N1)CC(C(=O)NC(CC(=O)O)C(=O)O)N,14.82777
1203,C1=CC(=CC=C1CCN)OC2C(C(C(C(O2)C(=O)O)O)O)O,21.97163
1205,CCCCCCCC(=O)OC1C(C(C(C(O1)C(=O)O)O)O)O,17.01561
1208,C1=CC(=CC=C1C=CC(=O)O)OS(=O)(=O)O,9.342294
1209,C(C(C1C(=C(C(=O)O1)OS(=O)(=O)O)O)O)O,17.11766
1210,CCCCCCCCCCCCOS(=O)(=O)O,-6.947005
1211,C1CC(=O)N(C1C(=O)O)CC2(C(C(C(O2)CO)O)O)O,26.42291
1212,CC(C(=O)O)N=C1NC(=O)CN1C,15.178
1216,CC(C(=O)NCC(=O)O)NC(=O)CCC(C(=O)O)N,16.51245
1218,CC(=O)NC1C(C(C(OC1OP(=O)(O)O)CO)O)O,23.34092
1219,CC(=O)CC(C(=O)O)O/CC(=O)C(C)(C(=O)O)O,12.73028
1221,C1OC2=C(O1)C=C(C=C2)C(=O)O/C1=CC(=O)C(=CC1=O)CC(=O)O,21.23346
1222,CC(C)C(C(=O)C(=O)O)C(=O)O,3.969555
1223,CC(C(=O)NC(CO)C(=O)O)N,12.20379
1224,C1=C(C(=CO1)C(=O)O)CC(C(=O)O)N,9.117199
1225,C(CCC(CCC(=O)O)O)CCC(=O)O,3.130189
1226,C(CCN)CC(C(=O)O)NCCC(=O)O,9.917305
1227,C1=CC2=C(C=C1O)C(C(=O)N2)(CC(=O)O)O/C1=CC=C(C(=C1)C(=O)O)NC(=O)CC(=O)O,22.93314
1228,C1=C(NC(=O)C(=C1O)CCC(=O)O)C(=O)O,12.29465
1229,C(CC(=O)O)C(C(=O)O)NC(=O)C(CO)N,15.21971
1230,C(CCC(=O)O)CC(=O)NCC(=O)O,5.956488
1231,CCCCCC=CC=CC(CCCCCCCC(=O)O)OO,-8.61502
1233,CC=C(CO)C(CC(=O)O)CC(=O)O,9.056812
1237,C(C(C(=O)NCC(=O)O)N)SSCC(C(=O)O)N,15.84696
1238,CC(C=O)C(=O)O/C(C=CC(=O)O)O,9.674698
1239,CC(C(=O)C)C(=O)O,5.686536
1240,CC(=O)CC(=O)CC(=O)O,9.973197
1241,C1=CC=C(C(=C1)C(=O)O)NC=O,11.52434
1242,C1CCC(C(C1)C(=O)O)C(=O)O,4.367214
1243,C(CCO)CC(=O)NCC(=O)O,9.163134
1245,CCCCCCC=CC(=O)C(C(=O)O)N,3.105556
1247,C1=CC=C2C(=C1)C(=CN2)C(=O)OC3C(C(C(C(O3)C(=O)O)O)O)O,22.34102
1249,COC1=C(C=C(C=C1)CC2CCC(=O)O2)OC3C(C(C(C(O3)C(=O)O)O)O)O,22.12218
1250,CC1=C(C(=C(C2=C1OC(CC2)(C)CCC(=O)O)C)OC3C(C(C(C(O3)C(=O)O)O)O)O)C,18.46963
